{
    "FIToFICstmrCdtTrf": {
        "GrpHdr": {
            "MsgId": "string - Unique id of the message (Reuse Idempotency Id?)",
            "CreDtTm": "string - Creation Date Time",
            "NbOfTxs": "string - Set to 1",
            "InitgPty": {
                "Nm": "string - Name of Initiating Party",
                "Id": "string - ID of initiating party ESIP/PIP ID"
            }
        },
        "CdtTrfTxInf":{
            "PmtId": {
                "InstrId":"string - unique identifier for the paymen created by the payer's PIP",
                "EndToEndId": "string -  Unique identifier assigned by the initating party to identify this transaction, Link to Locks and RFP?"
            },
            "Amt":"number - Amount",
            "stmtRef": "String - Human readable desciption of the payment",
            "Dbtr": {
                "Nm": "string - Name of person you are requesting to pay (payer)",
                "PstlAdr": {
                    "Ctry": "AD - 2 digit country code of payer ",
                    "AdrLine": [
                        "string - array of payer address lines"
                    ],
                    "PstCd": "PostCd"
                }
            },
            "DbtrAcct": {
                "Prxy": {
                    "Tp": "string - Payer AliasTp",
                    "Id": "String - Payer Alias (actual)"
                }
            },
            "DbtrAgtId": "String - Payer PIPId",
            "CdtrAgtId": "String - Payee PIPId",
            "Cdtr":{
                "Nm": "string - Name of person you are requesting to pay (payer)",
                "PstlAdr": {
                    "Ctry": "AD - 2 digit country code of payer ",
                    "AdrLine": [
                        "string - array of payer address lines"
                    ],
                    "PstCd": "PostCd"
                }
            },
            "cdtrAcct": {
                "Prxy": {
                    "Tp": "string - Payee AliasTp",
                    "Id": "String - Payee Alias (actual)"
                }
            },
            "Purp":{
                "cd": "Likely this be either 'P2P' or 'G&S'"
            },
            "RmtInf":{
                "Ustrd": [
                    "string - unstructured data for matching in account receievable systems"
                ],
                "Strd": {
                    "CdtrRefInf": {
                        "Tp": {
                        "CdOrPrtry": {
                            "Cd": "String",
                            "Ptry": "String"
                        },
                        "Issr": "string"
                    },
                    "Number": "string"
                    }
                }
            },
            "SplmtryData": {

            }
        }
    }

}